name,time,team,Padj Defensive Actions,Dribbles,Dribble Success %,Turnovers,Aerial Challenges,Aerial Win %,True Tackle Win%,Pressures,Successful Pressures,xT,xT Facilitated,xGBuildup,xGChain,Successful Passes,Successful Long Passes,Successful Final Third Passes,Successful Under Pressure Passes,Successful Progressive Passes,Total Pass Length,Carries,Carry Distance,Final Third Entries,Progressive Moves,Passes Success %,Long Passes Success %,Under Pressure Passes Success %,Progressive Passes Success %,PPF,CPF,Back Pass Frequency,Back Pass Accuracy,Diag Pass Frequency,Diag Pass Accuracy,Fwd Pass Frequency,Fwd Pass Accuracy,Lateral Pass Frequency,Lateral Pass Accuracy,Back Pass Frequency Pressured,Back Pass Accuracy Pressured,Diag Pass Frequency Pressured,Diag Pass Accuracy Pressured,Fwd Pass Frequency Pressured,Fwd Pass Accuracy Pressured,Lateral Pass Frequency Pressured,Lateral Pass Accuracy Pressured,Open Play Passes,Pass Completed Above Expected,Successful Passes and Carries,Percentile Padj Defensive Actions,Percentile Dribbles,Percentile Dribble Success %,Percentile Turnovers,Percentile Aerial Challenges,Percentile Aerial Win %,Percentile True Tackle Win%,Percentile Pressures,Percentile Successful Pressures,Percentile xT,Percentile xT Facilitated,Percentile xGBuildup,Percentile xGChain,Percentile Successful Passes,Percentile Successful Long Passes,Percentile Successful Final Third Passes,Percentile Successful Under Pressure Passes,Percentile Successful Progressive Passes,Percentile Total Pass Length,Percentile Carries,Percentile Carry Distance,Percentile Final Third Entries,Percentile Progressive Moves,Percentile Passes Success %,Percentile Long Passes Success %,Percentile Under Pressure Passes Success %,Percentile Progressive Passes Success %,Percentile PPF,Percentile CPF,Percentile Back Pass Frequency,Percentile Back Pass Accuracy,Percentile Diag Pass Frequency,Percentile Diag Pass Accuracy,Percentile Fwd Pass Frequency,Percentile Fwd Pass Accuracy,Percentile Lateral Pass Frequency,Percentile Lateral Pass Accuracy,Percentile Back Pass Frequency Pressured,Percentile Back Pass Accuracy Pressured,Percentile Diag Pass Frequency Pressured,Percentile Diag Pass Accuracy Pressured,Percentile Fwd Pass Frequency Pressured,Percentile Fwd Pass Accuracy Pressured,Percentile Lateral Pass Frequency Pressured,Percentile Lateral Pass Accuracy Pressured,Percentile Open Play Passes,Percentile Pass Completed Above Expected,Percentile Successful Passes and Carries
Ahmed Hegazi,285,Egypt,3.24864673841991,0.0,0.0,0.631578947368421,1.894736842105263,33.333333333333336,50.0,6.315789473684211,1.263157894736842,0.10696226486486486,0.1109526108108108,0.11021348706666671,0.11021348706666671,29.36842105263158,10.105263157894736,1.263157894736842,4.7368421052631575,3.473684210526316,1089.9254938421052,29.05263157894737,191.40511100704637,1.5789473684210527,3.789473684210526,74.4,71.11111111111111,65.21739130434783,39.285714285714285,0.44573715691568694,0.5179603847711726,8.8,72.73,40.8,74.51,19.2,50.0,31.2,89.74,13.04,100.0,34.78,62.5,34.78,37.5,17.39,100.0,124,0.972885507515309,58.42105263157895,0.37254901960784315,0.2647058823529412,0.28431372549019607,0.8431372549019608,0.4019607843137255,0.2549019607843137,0.7745098039215687,0.43137254901960786,0.4117647058823529,0.47058823529411764,0.3333333333333333,0.35294117647058826,0.35294117647058826,0.17647058823529413,0.7450980392156863,0.16666666666666666,0.39215686274509803,0.49019607843137253,0.4117647058823529,0.29411764705882354,0.39215686274509803,0.19607843137254902,0.37254901960784315,0.08823529411764706,0.43137254901960786,0.23529411764705882,0.17647058823529413,0.6470588235294118,0.39215686274509803,0.09803921568627451,0.0392156862745098,0.803921568627451,0.0784313725490196,0.5098039215686274,0.14705882352941177,0.5294117647058824,0.058823529411764705,0.13725490196078433,0.7647058823529411,0.7450980392156863,0.35294117647058826,0.9117647058823529,0.22549019607843138,0.3333333333333333,0.7647058823529411,0.17647058823529413,0.0784313725490196,0.21568627450980393
Andreas Christensen,311,Denmark,3.309300990003347,0.28938906752411575,0.0,1.157556270096463,1.4469453376205788,75.0,47.5,11.57556270096463,1.7363344051446947,0.06727994055944057,0.08197838461538462,0.19064410419028338,0.19064410419028338,44.565916398713824,5.209003215434083,2.0257234726688105,5.498392282958199,1.7363344051446947,977.1636433311902,38.19935691318328,201.52357749067113,2.0257234726688105,2.0257234726688105,92.7710843373494,78.26086956521739,90.47619047619048,46.15384615384615,0.31452516224315463,0.5801086336654923,19.28,100.0,33.73,83.93,10.24,82.35,36.75,100.0,28.57,100.0,38.1,75.0,14.29,100.0,19.05,100.0,164,1.0364860988318259,82.7652733118971,0.4117647058823529,0.6274509803921569,0.28431372549019607,1.0,0.21568627450980393,0.7745098039215687,0.7450980392156863,0.9215686274509803,0.7058823529411765,0.13725490196078433,0.1568627450980392,0.7254901960784313,0.6862745098039216,0.5098039215686274,0.13725490196078433,0.43137254901960786,0.5686274509803921,0.11764705882352941,0.2549019607843137,0.5098039215686274,0.47058823529411764,0.3333333333333333,0.09803921568627451,0.9411764705882353,0.7352941176470589,1.0,0.45098039215686275,0.11764705882352941,0.6666666666666666,0.8627450980392157,0.9117647058823529,0.37254901960784315,0.45098039215686275,0.0784313725490196,0.9215686274509803,0.803921568627451,0.9705882352941176,0.8235294117647058,0.7647058823529411,0.8627450980392157,0.6666666666666666,0.1568627450980392,0.9509803921568627,0.43137254901960786,0.7647058823529411,0.4117647058823529,0.9019607843137255,0.5098039215686274
Andreas Granqvist,476,Sweden,2.2635291451148785,0.37815126050420167,40.0,0.37815126050420167,1.5126050420168067,80.0,13.333333333333334,4.726890756302521,0.37815126050420167,0.18431742045454538,0.09687197348484843,0.07278358574416434,0.07488791441363213,26.47058823529412,5.8613445378151265,2.0798319327731094,5.672268907563025,2.8361344537815123,827.1859100861343,23.445378151260506,159.8171394435522,2.6470588235294117,4.159663865546219,81.87134502923976,64.58333333333333,83.33333333333333,44.11764705882353,0.4494936100886463,0.5999627592260679,9.36,87.5,40.94,77.14,19.3,72.73,30.41,92.31,19.44,100.0,25.0,88.89,27.78,60.0,27.78,90.0,159,1.0227252253051062,49.91596638655462,0.21568627450980393,0.7647058823529411,0.8627450980392157,0.6470588235294118,0.23529411764705882,0.9019607843137255,0.20588235294117646,0.21568627450980393,0.0392156862745098,0.9411764705882353,0.23529411764705882,0.0784313725490196,0.09803921568627451,0.0784313725490196,0.19607843137254902,0.45098039215686275,0.6078431372549019,0.27450980392156865,0.0784313725490196,0.09803921568627451,0.23529411764705882,0.5098039215686274,0.43137254901960786,0.2549019607843137,0.27450980392156865,0.7647058823529411,0.35294117647058826,0.7058823529411765,0.7843137254901961,0.23529411764705882,0.3235294117647059,0.8235294117647058,0.17647058823529413,0.5294117647058824,0.7058823529411765,0.47058823529411764,0.17647058823529413,0.37254901960784315,0.7647058823529411,0.3235294117647059,0.9215686274509803,0.5882352941176471,0.5588235294117647,0.7450980392156863,0.43137254901960786,0.37254901960784315,0.7058823529411765,0.0784313725490196
Anga Dedryck Boyata,280,Belgium,3.9091066068617057,0.0,0.0,0.0,3.857142857142857,40.74074074074074,6.666666666666667,5.464285714285714,1.2857142857142856,0.05512236151603498,0.04908946938775508,0.180093232615824,0.180093232615824,58.17857142857143,5.464285714285714,0.3214285714285714,4.821428571428571,1.2857142857142856,1193.3227935642858,52.07142857142858,195.0810154432591,0.3214285714285714,1.2857142857142856,94.27083333333333,89.47368421052632,65.21739130434783,100.0,0.3056954809311613,0.45372847812255973,5.21,90.0,36.46,92.86,13.02,88.0,45.31,97.7,4.35,0.0,39.13,55.56,17.39,75.0,39.13,77.78,192,1.0070423252645542,110.25000000000001,0.5882352941176471,0.2647058823529412,0.28431372549019607,0.18627450980392157,0.8431372549019608,0.37254901960784315,0.058823529411764705,0.35294117647058826,0.47058823529411764,0.0784313725490196,0.0392156862745098,0.7058823529411765,0.6470588235294118,0.7843137254901961,0.1568627450980392,0.0392156862745098,0.45098039215686275,0.0392156862745098,0.5686274509803921,0.7843137254901961,0.43137254901960786,0.0392156862745098,0.0392156862745098,0.9803921568627451,0.9803921568627451,0.23529411764705882,1.0,0.09803921568627451,0.17647058823529413,0.0196078431372549,0.49019607843137253,0.5686274509803921,0.9607843137254902,0.13725490196078433,0.9803921568627451,1.0,0.7058823529411765,0.0196078431372549,0.0196078431372549,0.9019607843137255,0.19607843137254902,0.19607843137254902,0.8137254901960784,0.9803921568627451,0.21568627450980393,0.5490196078431373,0.35294117647058826,0.803921568627451
Carlos Joel Salcedo Hernández,378,Mexico,5.157728373508458,0.47619047619047616,50.0,0.47619047619047616,3.571428571428571,55.0,25.0,10.476190476190476,0.7142857142857142,0.09356464594594593,0.13957159459459453,0.07976304437288133,0.08435234776271183,45.47619047619048,8.095238095238095,1.6666666666666665,3.8095238095238093,4.285714285714286,1324.0368651904766,42.61904761904762,305.3909684970847,1.9047619047619047,5.0,84.51327433628319,62.96296296296296,66.66666666666667,45.0,0.3761561339443741,0.5678575073114308,10.62,79.17,31.42,84.51,14.16,50.0,43.81,96.97,25.0,100.0,16.67,50.0,29.17,14.29,29.17,100.0,218,1.0011031001747681,88.0952380952381,0.803921568627451,0.8627450980392157,0.9313725490196079,0.7647058823529411,0.7843137254901961,0.5196078431372549,0.3431372549019608,0.8823529411764706,0.13725490196078433,0.3137254901960784,0.5098039215686274,0.1568627450980392,0.1568627450980392,0.5686274509803921,0.4117647058823529,0.2549019607843137,0.2549019607843137,0.7254901960784313,0.6862745098039216,0.5882352941176471,0.7254901960784313,0.29411764705882354,0.6862745098039216,0.39215686274509803,0.23529411764705882,0.27450980392156865,0.39215686274509803,0.35294117647058826,0.6078431372549019,0.29411764705882354,0.12745098039215685,0.17647058823529413,0.5098039215686274,0.19607843137254902,0.14705882352941177,0.9411764705882353,0.5294117647058824,0.6470588235294118,0.7647058823529411,0.058823529411764705,0.12745098039215685,0.6372549019607843,0.0196078431372549,0.803921568627451,0.7647058823529411,0.6666666666666666,0.29411764705882354,0.5882352941176471
Christian Guillermo Martín Ramos Garagay,283,Peru,2.304004585541702,0.6360424028268551,33.333333333333336,0.31802120141342755,1.5901060070671378,50.0,0.0,6.996466431095406,1.9081272084805656,0.1797118655913978,0.48657524193548374,0.27727035069892475,0.27917540360215054,31.48409893992933,6.996466431095406,2.5441696113074204,4.134275618374558,4.134275618374558,932.5321370459359,27.6678445229682,269.815344698426,3.1802120141342756,6.042402826855124,83.19327731092437,70.96774193548387,86.66666666666667,59.09090909090909,0.4258878818252883,0.6392975437538416,9.24,81.82,36.13,88.37,15.13,50.0,39.5,91.49,20.0,66.67,40.0,83.33,6.67,100.0,33.33,100.0,113,0.9962719332460424,59.15194346289753,0.23529411764705882,0.9215686274509803,0.7254901960784313,0.5784313725490197,0.3235294117647059,0.47058823529411764,0.029411764705882353,0.5882352941176471,0.7843137254901961,0.9215686274509803,1.0,0.9607843137254902,0.9411764705882353,0.23529411764705882,0.29411764705882354,0.6274509803921569,0.3137254901960784,0.6274509803921569,0.21568627450980393,0.23529411764705882,0.6274509803921569,0.6470588235294118,0.7843137254901961,0.29411764705882354,0.4117647058823529,0.9215686274509803,0.8235294117647058,0.5686274509803921,0.9607843137254902,0.19607843137254902,0.16666666666666666,0.5490196078431373,0.7843137254901961,0.2549019607843137,0.14705882352941177,0.9019607843137255,0.11764705882352941,0.39215686274509803,0.10784313725490197,0.9215686274509803,0.8137254901960784,0.058823529411764705,0.9509803921568627,0.8529411764705882,0.7647058823529411,0.08823529411764706,0.21568627450980393,0.23529411764705882
Davinson Sánchez Mina,404,Colombia,3.7814098697554503,0.0,0.0,0.0,4.900990099009901,38.257575757575765,50.0,8.01980198019802,1.7821782178217822,0.07462540372670809,0.06067486645962736,0.024552019943126602,0.025204837772073968,36.31188118811881,8.465346534653465,1.5594059405940595,2.673267326732673,3.7871287128712874,1179.6650364653478,35.42079207920792,159.98353520856773,1.5594059405940595,3.7871287128712874,77.99043062200957,61.29032258064516,50.0,41.46341463414634,0.4921928144591387,0.43915452818138273,11.48,79.17,36.84,76.62,21.53,60.0,30.14,92.06,25.0,83.33,37.5,44.44,29.17,28.57,8.33,50.0,202,0.9921779271106661,71.73267326732673,0.5294117647058824,0.2647058823529412,0.28431372549019607,0.18627450980392157,0.9803921568627451,0.35294117647058826,0.7745098039215687,0.7058823529411765,0.7450980392156863,0.19607843137254902,0.0784313725490196,0.0392156862745098,0.0392156862745098,0.39215686274509803,0.45098039215686275,0.21568627450980393,0.058823529411764705,0.5686274509803921,0.5490196078431373,0.45098039215686275,0.2549019607843137,0.1568627450980392,0.35294117647058826,0.17647058823529413,0.20588235294117646,0.0392156862745098,0.21568627450980393,0.8823529411764706,0.09803921568627451,0.4117647058823529,0.12745098039215685,0.5882352941176471,0.1568627450980392,0.7058823529411765,0.3627450980392157,0.45098039215686275,0.1568627450980392,0.6470588235294118,0.28431372549019607,0.8333333333333334,0.0784313725490196,0.6372549019607843,0.09803921568627451,0.058823529411764705,0.049019607843137254,0.5686274509803921,0.1568627450980392,0.39215686274509803
Dejan Lovren,674,Croatia,3.650072922920499,0.0,0.0,0.40059347181008903,2.937685459940653,68.57142857142857,16.666666666666668,4.540059347181009,0.9347181008902077,0.10717821503496495,0.20273768006993004,0.20738669926405856,0.21281320019863803,42.596439169139465,9.480712166172108,2.8041543026706233,4.13946587537092,2.937685459940653,1202.2817214258168,33.78338278931751,192.27206866081906,3.3382789317507418,3.605341246290801,85.75268817204301,74.73684210526316,67.3913043478261,45.833333333333336,0.3736155645273775,0.520949885737406,19.62,93.15,31.18,83.62,19.62,64.38,29.57,97.27,26.09,91.67,17.39,75.0,39.13,38.89,17.39,87.5,361,1.0351034672432278,76.37982195845697,0.49019607843137253,0.2647058823529412,0.28431372549019607,0.6666666666666666,0.6666666666666666,0.6862745098039216,0.2549019607843137,0.17647058823529413,0.23529411764705882,0.49019607843137253,0.803921568627451,0.7450980392156863,0.7254901960784313,0.47058823529411764,0.5686274509803921,0.6470588235294118,0.3333333333333333,0.35294117647058826,0.5882352941176471,0.4117647058823529,0.4117647058823529,0.6862745098039216,0.3333333333333333,0.49019607843137253,0.6470588235294118,0.29411764705882354,0.4117647058823529,0.29411764705882354,0.43137254901960786,0.9019607843137255,0.5686274509803921,0.1568627450980392,0.4117647058823529,0.5686274509803921,0.45098039215686275,0.39215686274509803,0.6176470588235294,0.7058823529411765,0.45098039215686275,0.0784313725490196,0.6666666666666666,0.9411764705882353,0.2549019607843137,0.3333333333333333,0.35294117647058826,0.9019607843137255,0.8431372549019608,0.45098039215686275
Diego Roberto Godín Leal,473,Uruguay,5.112080140383093,0.5708245243128964,40.0,0.5708245243128964,2.854122621564482,38.095238095238095,51.42857142857143,6.27906976744186,0.3805496828752643,0.16698861516853933,0.13336224157303367,0.09260718851776314,0.09658029781600877,35.581395348837205,9.894291754756871,1.331923890063425,2.854122621564482,3.4249471458773786,1070.941211524313,32.15644820295983,206.81848972901096,2.2832980972515857,4.7568710359408035,83.48214285714286,76.47058823529412,62.5,41.86046511627907,0.461220668397424,0.6328915773468475,11.61,88.46,41.07,85.87,24.11,66.67,23.21,94.23,16.67,100.0,33.33,62.5,25.0,33.33,25.0,66.67,208,0.9983829205207525,67.73784355179704,0.7843137254901961,0.8823529411764706,0.8627450980392157,0.8235294117647058,0.5882352941176471,0.3333333333333333,0.803921568627451,0.4117647058823529,0.058823529411764705,0.803921568627451,0.47058823529411764,0.27450980392156865,0.27450980392156865,0.35294117647058826,0.6862745098039216,0.19607843137254902,0.0784313725490196,0.47058823529411764,0.37254901960784315,0.35294117647058826,0.5098039215686274,0.43137254901960786,0.6470588235294118,0.3333333333333333,0.6666666666666666,0.13725490196078433,0.23529411764705882,0.7450980392156863,0.9215686274509803,0.43137254901960786,0.4117647058823529,0.8431372549019608,0.5686274509803921,0.8627450980392157,0.5196078431372549,0.0784313725490196,0.23529411764705882,0.27450980392156865,0.7647058823529411,0.6568627450980392,0.35294117647058826,0.43137254901960786,0.1568627450980392,0.6568627450980392,0.09803921568627451,0.6176470588235294,0.23529411764705882,0.37254901960784315
Domagoj Vida,649,Croatia,3.4548853741594714,0.0,0.0,0.27734976887519264,1.5254237288135593,75.0,36.111111111111114,6.517719568567026,1.386748844375963,0.08195785622317597,0.1021980042918455,0.16024526789213958,0.16223370714447605,36.05546995377504,4.992295839753467,0.9707241910631742,2.912172573189522,1.5254237288135593,955.9174497503852,28.567026194144837,138.6789185479435,1.1093990755007705,1.6640986132511557,82.01892744479495,59.01639344262295,63.63636363636363,28.94736842105263,0.4459256951923364,0.46332599306659195,11.99,84.21,41.64,83.33,19.87,63.49,26.5,92.86,27.27,77.78,24.24,62.5,27.27,44.44,21.21,71.43,313,0.99523463310442,64.62249614791988,0.47058823529411764,0.2647058823529412,0.28431372549019607,0.5490196078431373,0.2549019607843137,0.7745098039215687,0.5686274509803921,0.5294117647058824,0.5294117647058824,0.2549019607843137,0.27450980392156865,0.6274509803921569,0.5686274509803921,0.37254901960784315,0.09803921568627451,0.11764705882352941,0.09803921568627451,0.0784313725490196,0.23529411764705882,0.27450980392156865,0.1568627450980392,0.09803921568627451,0.0784313725490196,0.27450980392156865,0.11764705882352941,0.19607843137254902,0.058823529411764705,0.6666666666666666,0.19607843137254902,0.49019607843137253,0.20588235294117646,0.8823529411764706,0.37254901960784315,0.6078431372549019,0.43137254901960786,0.17647058823529413,0.21568627450980393,0.7352941176470589,0.19607843137254902,0.2647058823529412,0.35294117647058826,0.5392156862745098,0.29411764705882354,0.5098039215686274,0.13725490196078433,0.8235294117647058,0.19607843137254902,0.3137254901960784
Fabian Lukas Schär,286,Switzerland,4.02424943259185,0.0,0.0,0.0,2.8321678321678325,83.33333333333333,38.88888888888889,8.181818181818182,2.5174825174825175,0.05365686532951287,0.06115271060171918,0.1437628612384555,0.1437628612384555,56.32867132867133,12.587412587412588,2.5174825174825175,4.72027972027972,5.979020979020979,1717.047102493008,53.49650349650349,262.68581871010116,2.8321678321678325,7.2377622377622375,83.25581395348837,63.492063492063494,65.21739130434783,43.18181818181818,0.45563408845509473,0.573414930056427,12.09,100.0,37.67,80.25,18.6,52.5,31.63,98.53,8.7,100.0,47.83,63.64,26.09,33.33,17.39,100.0,208,1.0034845389275397,109.82517482517481,0.6078431372549019,0.2647058823529412,0.28431372549019607,0.18627450980392157,0.5686274509803921,0.9215686274509803,0.6078431372549019,0.7450980392156863,0.9215686274509803,0.058823529411764705,0.09803921568627451,0.49019607843137253,0.45098039215686275,0.7647058823529411,0.9215686274509803,0.6078431372549019,0.37254901960784315,0.9215686274509803,0.9215686274509803,0.8235294117647058,0.6078431372549019,0.5294117647058824,0.9607843137254902,0.3137254901960784,0.2549019607843137,0.23529411764705882,0.3137254901960784,0.7254901960784313,0.6274509803921569,0.5294117647058824,0.9117647058823529,0.6666666666666666,0.23529411764705882,0.45098039215686275,0.21568627450980393,0.5490196078431373,0.8823529411764706,0.06862745098039216,0.7647058823529411,0.9607843137254902,0.43137254901960786,0.49019607843137253,0.1568627450980392,0.3333333333333333,0.7647058823529411,0.6176470588235294,0.3137254901960784,0.7843137254901961
Faustino Marcos Alberto Rojo,234,Argentina,6.910749416349337,0.38461538461538464,33.333333333333336,0.0,4.230769230769231,41.11111111111111,11.111111111111112,6.923076923076923,1.5384615384615385,0.15748391698113207,0.1545278,0.08577461277492311,0.10441039450569232,54.61538461538461,3.4615384615384617,3.4615384615384617,6.538461538461539,4.230769230769231,1126.780231192307,47.30769230769231,331.97921867464163,5.384615384615385,6.923076923076923,87.65432098765432,60.0,73.91304347826087,57.89473684210526,0.4914415880867132,0.6298614693052969,11.11,94.44,43.21,87.14,18.52,73.33,27.16,95.45,8.7,100.0,30.43,71.43,34.78,62.5,26.09,83.33,158,1.0353351142289822,101.92307692307692,0.9411764705882353,0.803921568627451,0.7254901960784313,0.18627450980392157,0.9019607843137255,0.39215686274509803,0.14705882352941177,0.5490196078431373,0.6274509803921569,0.7450980392156863,0.6078431372549019,0.19607843137254902,0.3137254901960784,0.7254901960784313,0.0196078431372549,0.803921568627451,0.7058823529411765,0.6862745098039216,0.45098039215686275,0.7450980392156863,0.8235294117647058,0.9019607843137255,0.9215686274509803,0.6078431372549019,0.14705882352941177,0.5392156862745098,0.7450980392156863,0.8627450980392157,0.8823529411764706,0.35294117647058826,0.6470588235294118,0.9215686274509803,0.6666666666666666,0.43137254901960786,0.7352941176470589,0.21568627450980393,0.3137254901960784,0.06862745098039216,0.7647058823529411,0.49019607843137253,0.5784313725490197,0.9117647058823529,0.5882352941176471,0.7058823529411765,0.28431372549019607,0.35294117647058826,0.8823529411764706,0.7254901960784313
Gen Shōji,284,Japan,3.1784103941382678,0.6338028169014085,33.333333333333336,0.6338028169014085,4.753521126760563,50.0,33.333333333333336,6.338028169014085,0.9507042253521126,0.09546038888888893,0.16824069934640518,0.2677923168253968,0.2677923168253968,50.387323943661976,8.556338028169014,2.2183098591549295,8.23943661971831,3.485915492957746,1275.3774844542254,46.58450704225352,281.54932216188166,3.1690140845070425,4.753521126760563,88.8268156424581,72.97297297297297,81.25,52.38095238095238,0.3681556885897616,0.5493255594027002,14.53,92.31,32.4,82.76,24.02,83.72,29.05,98.08,18.75,100.0,25.0,62.5,40.62,76.92,15.62,100.0,179,1.0173553975596883,96.97183098591549,0.35294117647058826,0.9019607843137255,0.7254901960784313,0.8627450980392157,0.9607843137254902,0.47058823529411764,0.49019607843137253,0.45098039215686275,0.3137254901960784,0.35294117647058826,0.6862745098039216,0.9019607843137255,0.8627450980392157,0.6470588235294118,0.4803921568627451,0.5098039215686274,0.8431372549019608,0.5098039215686274,0.6666666666666666,0.7058823529411765,0.6666666666666666,0.6274509803921569,0.6176470588235294,0.7058823529411765,0.5686274509803921,0.6470588235294118,0.6176470588235294,0.21568627450980393,0.5490196078431373,0.6862745098039216,0.5294117647058824,0.29411764705882354,0.3333333333333333,0.8431372549019608,0.9411764705882353,0.37254901960784315,0.8137254901960784,0.3431372549019608,0.7647058823529411,0.3235294117647059,0.35294117647058826,0.9607843137254902,0.8627450980392157,0.23529411764705882,0.7647058823529411,0.49019607843137253,0.5098039215686274,0.6862745098039216
Gerard Piqué Bernabéu,405,Spain,3.692315922875305,0.0,0.0,0.4444444444444444,4.222222222222222,64.28571428571429,25.0,4.444444444444445,0.8888888888888888,0.15794242364532013,0.12126251888341548,0.24557650996416905,0.2511756452972283,71.77777777777777,13.11111111111111,9.333333333333334,7.111111111111111,4.0,1743.051650933334,63.55555555555556,418.99721388192745,10.88888888888889,5.555555555555555,91.24293785310735,84.28571428571429,82.05128205128206,58.064516129032256,0.31820587802881023,0.7195444271520665,9.32,81.82,43.5,91.56,8.47,73.33,38.7,97.08,33.33,69.23,35.9,92.86,5.13,50.0,25.64,90.0,350,1.0176012143078754,135.33333333333334,0.5098039215686274,0.2647058823529412,0.28431372549019607,0.7058823529411765,0.8823529411764706,0.6274509803921569,0.3431372549019608,0.1568627450980392,0.19607843137254902,0.7647058823529411,0.4117647058823529,0.8431372549019608,0.8235294117647058,0.9607843137254902,0.9411764705882353,0.9803921568627451,0.7843137254901961,0.6078431372549019,0.9607843137254902,0.9607843137254902,0.9411764705882353,0.9803921568627451,0.7254901960784313,0.803921568627451,0.9215686274509803,0.696078431372549,0.7647058823529411,0.13725490196078433,1.0,0.21568627450980393,0.16666666666666666,0.9411764705882353,0.9019607843137255,0.0196078431372549,0.7352941176470589,0.8627450980392157,0.5686274509803921,0.9019607843137255,0.13725490196078433,0.803921568627451,0.9607843137254902,0.0196078431372549,0.39215686274509803,0.6862745098039216,0.43137254901960786,0.8823529411764706,0.5294117647058824,0.9607843137254902
Harry Maguire,669,England,3.8160774159332336,0.6726457399103138,35.714285714285715,0.9417040358744395,4.573991031390134,90.81632653061224,31.428571428571427,4.977578475336323,1.3452914798206277,0.17367708379888272,0.16055440223463693,0.21417563036741105,0.2741780959153976,51.255605381165914,7.130044843049328,3.0941704035874436,8.609865470852018,4.304932735426009,1169.5320081390141,45.06726457399103,288.60178571099607,5.381165919282511,6.995515695067264,87.78801843317973,74.64788732394366,80.0,60.37735849056604,0.36939990358963637,0.5386036150686163,19.59,96.47,37.56,83.44,14.75,79.69,28.11,91.8,35.0,96.43,30.0,70.83,13.75,54.55,21.25,82.35,424,1.0226873622137715,96.32286995515695,0.5686274509803921,0.9411764705882353,0.8235294117647058,0.9215686274509803,0.9411764705882353,1.0,0.45098039215686275,0.2549019607843137,0.49019607843137253,0.8823529411764706,0.6274509803921569,0.7647058823529411,0.9019607843137255,0.6666666666666666,0.3333333333333333,0.7254901960784313,0.9019607843137255,0.7647058823529411,0.5294117647058824,0.6470588235294118,0.6862745098039216,0.8823529411764706,0.9411764705882353,0.6274509803921569,0.6274509803921569,0.6078431372549019,0.8627450980392157,0.23529411764705882,0.5294117647058824,0.8823529411764706,0.7254901960784313,0.6274509803921569,0.39215686274509803,0.23529411764705882,0.8823529411764706,0.3137254901960784,0.13725490196078433,0.9215686274509803,0.5098039215686274,0.47058823529411764,0.5490196078431373,0.13725490196078433,0.4803921568627451,0.5294117647058824,0.2549019607843137,0.9411764705882353,0.6862745098039216,0.6666666666666666
Héctor Alfredo Moreno Herrera,282,Mexico,3.055487632388637,0.0,0.0,0.3191489361702128,2.2340425531914896,20.0,38.88888888888889,3.829787234042553,1.2765957446808511,0.11266752136752138,0.09720208547008545,0.0782522906779661,0.0954969925423729,39.89361702127659,6.0638297872340425,3.191489361702128,8.936170212765958,5.1063829787234045,1075.1173388297875,34.787234042553195,256.7817689581849,3.5106382978723403,6.0638297872340425,85.61643835616438,61.29032258064516,87.5,53.333333333333336,0.43608026822284013,0.5626028867220789,26.03,97.37,31.51,82.61,21.92,65.62,20.55,96.67,28.12,100.0,31.25,90.0,28.12,66.67,12.5,100.0,141,1.0530422917697209,74.68085106382979,0.3137254901960784,0.2647058823529412,0.28431372549019607,0.6078431372549019,0.47058823529411764,0.06862745098039216,0.6078431372549019,0.0784313725490196,0.45098039215686275,0.5294117647058824,0.2549019607843137,0.13725490196078433,0.2549019607843137,0.43137254901960786,0.2549019607843137,0.7450980392156863,0.9215686274509803,0.8823529411764706,0.39215686274509803,0.43137254901960786,0.5882352941176471,0.7058823529411765,0.803921568627451,0.47058823529411764,0.20588235294117646,0.9411764705882353,0.6666666666666666,0.6078431372549019,0.5686274509803921,1.0,0.7647058823529411,0.21568627450980393,0.3137254901960784,0.7254901960784313,0.47058823529411764,0.0196078431372549,0.47058823529411764,0.7843137254901961,0.7647058823529411,0.5392156862745098,0.9411764705882353,0.6078431372549019,0.6862745098039216,0.0784313725490196,0.7647058823529411,0.2549019607843137,0.9607843137254902,0.43137254901960786
Ilya Kutepov,524,Russia,1.4172217117444865,0.0,0.0,0.5152671755725191,2.9198473282442747,71.42857142857143,10.0,4.122137404580153,1.717557251908397,0.18899617142857136,0.24922794285714275,0.17080473268430016,0.2199324076843001,20.267175572519083,6.011450381679389,2.232824427480916,2.0610687022900764,3.0916030534351147,792.2034539999999,15.80152671755725,93.11795585756494,2.232824427480916,3.263358778625954,71.51515151515152,60.3448275862069,46.15384615384615,42.857142857142854,0.4956335670566516,0.3988953392283659,15.76,84.62,28.48,74.47,28.48,48.94,27.27,84.44,11.54,66.67,19.23,80.0,46.15,33.33,23.08,33.33,160,0.9784786727679636,36.06870229007634,0.0784313725490196,0.2647058823529412,0.28431372549019607,0.803921568627451,0.6470588235294118,0.7058823529411765,0.10784313725490197,0.09803921568627451,0.6862745098039216,0.9607843137254902,0.9411764705882353,0.6862745098039216,0.7647058823529411,0.058823529411764705,0.23529411764705882,0.5294117647058824,0.0392156862745098,0.43137254901960786,0.058823529411764705,0.0392156862745098,0.0392156862745098,0.39215686274509803,0.21568627450980393,0.058823529411764705,0.17647058823529413,0.0196078431372549,0.29411764705882354,0.9019607843137255,0.058823529411764705,0.7647058823529411,0.23529411764705882,0.058823529411764705,0.058823529411764705,0.9607843137254902,0.09803921568627451,0.27450980392156865,0.0196078431372549,0.09803921568627451,0.10784313725490197,0.11764705882352941,0.7647058823529411,1.0,0.1568627450980392,0.6078431372549019,0.0196078431372549,0.39215686274509803,0.09803921568627451,0.0392156862745098
Jan Bednarek,237,Poland,3.4222504487526777,0.37974683544303794,33.333333333333336,0.0,1.139240506329114,66.66666666666667,33.333333333333336,3.7974683544303796,0.7594936708860759,0.09817114444444446,0.09033897777777782,0.1318691321532258,0.1318691321532258,55.82278481012658,19.746835443037977,3.0379746835443036,7.215189873417722,6.455696202531645,1720.9247730000002,46.70886075949367,183.34454405652312,3.0379746835443036,6.455696202531645,86.47058823529412,83.87096774193549,63.333333333333336,60.714285714285715,0.3709560369696296,0.44403578072073563,8.82,86.67,33.53,87.72,18.24,61.29,39.41,97.01,16.67,100.0,33.33,60.0,30.0,33.33,20.0,83.33,169,1.0131397576619292,102.53164556962027,0.43137254901960786,0.7843137254901961,0.7254901960784313,0.18627450980392157,0.13725490196078433,0.6568627450980392,0.49019607843137253,0.058823529411764705,0.1568627450980392,0.39215686274509803,0.17647058823529413,0.45098039215686275,0.43137254901960786,0.7450980392156863,1.0,0.7058823529411765,0.803921568627451,0.9803921568627451,0.9411764705882353,0.7254901960784313,0.35294117647058826,0.5882352941176471,0.8627450980392157,0.5882352941176471,0.9019607843137255,0.17647058823529413,0.8823529411764706,0.2549019607843137,0.13725490196078433,0.11764705882352941,0.29411764705882354,0.3333333333333333,0.7058823529411765,0.4117647058823529,0.4117647058823529,0.8823529411764706,0.5490196078431373,0.27450980392156865,0.7647058823529411,0.6568627450980392,0.2647058823529412,0.6764705882352942,0.1568627450980392,0.49019607843137253,0.28431372549019607,0.45098039215686275,0.45098039215686275,0.7450980392156863
Jan Vertonghen,566,Belgium,4.115842769532281,0.31802120141342755,33.333333333333336,0.31802120141342755,1.7491166077738516,30.555555555555554,40.0,17.491166077738516,2.067137809187279,0.07639412635379056,0.12057661191335732,0.2754171225343567,0.2754171225343567,47.54416961130742,8.42756183745583,3.021201413427562,10.176678445229681,4.4522968197879855,1250.1363212173148,40.54770318021201,185.38033152126184,3.021201413427562,4.4522968197879855,84.94318181818181,71.62162162162163,82.05128205128206,50.90909090909091,0.413716647141459,0.4512237084377461,25.28,97.75,29.55,83.65,17.05,60.0,28.12,89.9,28.21,95.45,26.92,85.71,20.51,68.75,24.36,73.68,315,1.0470213826510397,88.09187279151944,0.6274509803921569,0.7058823529411765,0.7254901960784313,0.5784313725490197,0.35294117647058826,0.17647058823529413,0.6764705882352942,1.0,0.8235294117647058,0.21568627450980393,0.39215686274509803,0.9411764705882353,0.9215686274509803,0.5882352941176471,0.43137254901960786,0.6862745098039216,0.9607843137254902,0.7843137254901961,0.6274509803921569,0.5490196078431373,0.37254901960784315,0.5686274509803921,0.5294117647058824,0.4117647058823529,0.49019607843137253,0.696078431372549,0.5686274509803921,0.5490196078431373,0.1568627450980392,0.9803921568627451,0.7843137254901961,0.09803921568627451,0.43137254901960786,0.35294117647058826,0.3627450980392157,0.3333333333333333,0.0784313725490196,0.803921568627451,0.49019607843137253,0.4019607843137255,0.8725490196078431,0.3333333333333333,0.7647058823529411,0.6274509803921569,0.1568627450980392,0.8431372549019608,0.9411764705882353,0.5686274509803921
John Stones,666,England,4.6090346705447764,0.0,0.0,0.2702702702702703,1.891891891891892,63.095238095238095,43.333333333333336,6.486486486486487,1.891891891891892,0.07305376658767775,0.09289676895734598,0.15237910992487697,0.15237910992487697,60.0,9.594594594594595,2.4324324324324325,9.72972972972973,2.972972972972973,1403.3065757432425,54.054054054054056,345.45336717807515,3.108108108108108,4.0540540540540535,92.69311064718163,81.60919540229885,87.8048780487805,66.66666666666667,0.3024601584941655,0.5214179009798471,13.78,93.94,38.41,86.96,10.02,91.67,37.79,98.34,23.17,100.0,30.49,72.0,12.2,100.0,34.15,89.29,476,1.0148101148928057,114.05405405405406,0.7450980392156863,0.2647058823529412,0.28431372549019607,0.5294117647058824,0.37254901960784315,0.5882352941176471,0.7254901960784313,0.5098039215686274,0.7647058823529411,0.17647058823529413,0.21568627450980393,0.5098039215686274,0.49019607843137253,0.8431372549019608,0.5882352941176471,0.5882352941176471,0.9411764705882353,0.37254901960784315,0.7647058823529411,0.8431372549019608,0.8627450980392157,0.6078431372549019,0.4117647058823529,0.9215686274509803,0.8235294117647058,0.9607843137254902,0.9411764705882353,0.058823529411764705,0.47058823529411764,0.6274509803921569,0.6274509803921569,0.7058823529411765,0.6274509803921569,0.0392156862745098,1.0,0.8235294117647058,0.8431372549019608,0.5490196078431373,0.7647058823529411,0.5098039215686274,0.6078431372549019,0.11764705882352941,0.9509803921568627,0.8921568627450981,0.39215686274509803,0.9803921568627451,0.47058823529411764,0.8431372549019608
José María Giménez de Vargas,379,Uruguay,4.659693068589256,0.23746701846965698,0.0,0.47493403693931396,3.324538258575198,29.375,71.25,4.986807387862797,1.662269129287599,0.11935410424710423,0.19053532432432427,0.12615841750112458,0.12615841750112458,33.72031662269129,3.7994722955145117,2.37467018469657,1.8997361477572559,2.849604221635884,904.8104399208438,27.78364116094987,140.39235210568754,2.37467018469657,2.849604221635884,83.52941176470588,55.172413793103445,61.53846153846154,46.15384615384615,0.47518333595862494,0.575657334371489,12.35,85.71,37.65,84.38,19.41,60.61,30.59,96.15,38.46,80.0,15.38,50.0,30.77,50.0,15.38,50.0,168,0.9999172824077772,61.503957783641155,0.7647058823529411,0.5686274509803921,0.28431372549019607,0.7450980392156863,0.7254901960784313,0.1568627450980392,1.0,0.27450980392156865,0.6666666666666666,0.5882352941176471,0.7647058823529411,0.39215686274509803,0.37254901960784315,0.27450980392156865,0.0392156862745098,0.5490196078431373,0.0196078431372549,0.29411764705882354,0.1568627450980392,0.2549019607843137,0.17647058823529413,0.45098039215686275,0.19607843137254902,0.35294117647058826,0.0392156862745098,0.11764705882352941,0.45098039215686275,0.8235294117647058,0.6470588235294118,0.5490196078431373,0.27450980392156865,0.6470588235294118,0.4803921568627451,0.5490196078431373,0.39215686274509803,0.49019607843137253,0.35294117647058826,0.9607843137254902,0.22549019607843138,0.0392156862745098,0.12745098039215685,0.7352941176470589,0.39215686274509803,0.21568627450980393,0.049019607843137254,0.43137254901960786,0.2549019607843137,0.27450980392156865
José Miguel da Rocha Fonte,381,Portugal,6.192045756919021,0.0,0.0,0.23622047244094488,4.251968503937007,88.88888888888889,15.0,7.795275590551181,1.4173228346456692,-0.0012062925925925686,0.10508335925925924,0.07525339874785134,0.07546531334785134,34.01574803149606,6.6141732283464565,2.1259842519685037,4.960629921259843,1.6535433070866141,866.5205885433071,29.763779527559056,150.76643855800003,2.8346456692913384,2.1259842519685037,81.35593220338983,73.6842105263158,75.0,33.333333333333336,0.39033471328192004,0.5207441387721417,15.82,89.29,32.2,80.7,20.9,56.76,31.07,94.55,39.29,90.91,35.71,50.0,10.71,66.67,14.29,100.0,173,0.958320132190155,63.77952755905511,0.9215686274509803,0.2647058823529412,0.28431372549019607,0.47058823529411764,0.9215686274509803,0.9803921568627451,0.23529411764705882,0.6470588235294118,0.5588235294117647,0.0196078431372549,0.29411764705882354,0.11764705882352941,0.11764705882352941,0.3137254901960784,0.27450980392156865,0.4803921568627451,0.5098039215686274,0.09803921568627451,0.11764705882352941,0.3333333333333333,0.21568627450980393,0.5490196078431373,0.11764705882352941,0.23529411764705882,0.6078431372549019,0.5784313725490197,0.10784313725490197,0.43137254901960786,0.4117647058823529,0.7843137254901961,0.4411764705882353,0.27450980392156865,0.2549019607843137,0.6862745098039216,0.29411764705882354,0.5098039215686274,0.2549019607843137,0.9803921568627451,0.43137254901960786,0.7843137254901961,0.12745098039215685,0.09803921568627451,0.6862745098039216,0.17647058823529413,0.7647058823529411,0.47058823529411764,0.0392156862745098,0.29411764705882354
João Miranda de Souza Filho,478,Brazil,5.832134681407503,0.37656903765690375,40.0,0.18828451882845187,1.3179916317991631,26.666666666666668,33.66666666666667,7.531380753138075,2.4476987447698746,0.06419711060948083,0.1358930045146726,0.2621770188976735,0.2626268911418978,44.62343096234309,5.083682008368201,0.5648535564853556,4.895397489539749,1.506276150627615,1006.4209461025106,38.78661087866109,203.1060834408612,0.5648535564853556,1.506276150627615,92.578125,69.23076923076923,81.25,42.10526315789474,0.37453152080472496,0.5133199847759197,8.98,100.0,39.45,96.04,16.41,69.05,35.16,97.78,15.62,100.0,37.5,83.33,18.75,50.0,28.12,88.89,248,1.021319864349479,83.41004184100419,0.8823529411764706,0.7450980392156863,0.8627450980392157,0.4019607843137255,0.17647058823529413,0.12745098039215685,0.5294117647058824,0.6274509803921569,0.9019607843137255,0.11764705882352941,0.49019607843137253,0.8627450980392157,0.8431372549019608,0.5294117647058824,0.11764705882352941,0.058823529411764705,0.47058823529411764,0.058823529411764705,0.3137254901960784,0.5294117647058824,0.49019607843137253,0.058823529411764705,0.058823529411764705,0.9019607843137255,0.35294117647058826,0.6470588235294118,0.2647058823529412,0.3137254901960784,0.37254901960784315,0.13725490196078433,0.9117647058823529,0.7647058823529411,1.0,0.29411764705882354,0.5882352941176471,0.7450980392156863,0.7254901960784313,0.23529411764705882,0.7647058823529411,0.8333333333333334,0.8137254901960784,0.24509803921568626,0.39215686274509803,0.7843137254901961,0.37254901960784315,0.7058823529411765,0.6666666666666666,0.5294117647058824
Kalidou Koulibaly,281,Senegal,3.0659330723341283,0.0,0.0,0.0,0.9608540925266904,33.333333333333336,33.333333333333336,10.249110320284696,2.2419928825622777,0.050631101190476126,0.1699670773809523,0.24350342536636113,0.24350342536636113,28.185053380782918,7.0462633451957295,1.9217081850533808,4.1637010676156585,3.8434163701067616,980.9519634768682,25.622775800711747,174.8808413342577,2.2419928825622777,4.1637010676156585,77.87610619469027,57.89473684210526,72.22222222222223,44.44444444444444,0.5359198788882512,0.4725818668608181,9.73,90.91,34.51,89.74,30.97,45.71,24.78,96.43,16.67,100.0,44.44,62.5,33.33,66.67,5.56,100.0,113,1.0388342842794294,53.80782918149466,0.3333333333333333,0.2647058823529412,0.28431372549019607,0.18627450980392157,0.11764705882352941,0.2549019607843137,0.49019607843137253,0.8627450980392157,0.8627450980392157,0.0392156862745098,0.7058823529411765,0.8235294117647058,0.803921568627451,0.09803921568627451,0.3137254901960784,0.4117647058823529,0.35294117647058826,0.5882352941176471,0.27450980392156865,0.17647058823529413,0.3333333333333333,0.4117647058823529,0.45098039215686275,0.1568627450980392,0.09803921568627451,0.45098039215686275,0.37254901960784315,1.0,0.23529411764705882,0.2549019607843137,0.5098039215686274,0.45098039215686275,0.803921568627451,1.0,0.0392156862745098,0.13725490196078433,0.43137254901960786,0.27450980392156865,0.7647058823529411,0.9411764705882353,0.35294117647058826,0.8627450980392157,0.6862745098039216,0.0392156862745098,0.7647058823529411,0.08823529411764706,0.9215686274509803,0.13725490196078433
Kléper Laveran Lima Ferreira,381,Portugal,5.478974366546671,0.23622047244094488,25.0,0.0,4.015748031496063,76.04166666666667,56.25,8.26771653543307,1.4173228346456692,0.14596637603305784,0.2781169008264462,0.12922037752756782,0.12922037752756782,30.944881889763778,9.921259842519685,2.1259842519685037,3.3070866141732282,4.251968503937007,1122.7965147637794,26.22047244094488,148.8522094230561,2.1259842519685037,4.251968503937007,78.44311377245509,64.61538461538461,70.0,46.15384615384615,0.48960699524813245,0.5055511675025971,7.78,76.92,42.51,76.06,17.96,53.33,31.74,96.23,5.0,100.0,50.0,70.0,30.0,66.67,15.0,66.67,152,0.9882712210796488,57.16535433070867,0.8431372549019608,0.5490196078431373,0.6078431372549019,0.18627450980392157,0.8627450980392157,0.8235294117647058,0.8627450980392157,0.7647058823529411,0.5588235294117647,0.7254901960784313,0.9803921568627451,0.4117647058823529,0.4117647058823529,0.21568627450980393,0.7058823529411765,0.4803921568627451,0.13725490196078433,0.7058823529411765,0.43137254901960786,0.21568627450980393,0.19607843137254902,0.35294117647058826,0.49019607843137253,0.19607843137254902,0.29411764705882354,0.37254901960784315,0.45098039215686275,0.8431372549019608,0.3333333333333333,0.0784313725490196,0.06862745098039216,0.9019607843137255,0.13725490196078433,0.39215686274509803,0.23529411764705882,0.5686274509803921,0.39215686274509803,0.0392156862745098,0.7647058823529411,1.0,0.5196078431372549,0.6764705882352942,0.6862745098039216,0.19607843137254902,0.09803921568627451,0.3235294117647059,0.13725490196078433,0.19607843137254902
Kyle Walker,506,England,2.0192533956219476,1.2450592885375493,70.0,0.8893280632411067,3.0237154150197627,75.0,10.0,6.403162055335969,0.8893280632411067,0.11616697872340426,0.1801892735562312,0.12517028492774537,0.12661481624355836,61.54150197628459,11.916996047430832,4.802371541501976,8.537549407114623,5.158102766798419,1583.585674061266,55.49407114624506,354.6328118981757,6.5810276679841895,6.758893280632411,89.87012987012987,73.62637362637362,72.72727272727273,52.72727272727273,0.4050610685941193,0.46760872640910495,17.92,97.1,31.43,90.08,15.32,66.1,35.32,96.32,28.79,94.74,31.82,76.19,22.73,26.67,16.67,90.91,378,1.0349813615251007,117.03557312252966,0.13725490196078433,1.0,1.0,0.9019607843137255,0.6862745098039216,0.7745098039215687,0.10784313725490197,0.47058823529411764,0.21568627450980393,0.5490196078431373,0.7450980392156863,0.37254901960784315,0.39215686274509803,0.8823529411764706,0.8627450980392157,0.9411764705882353,0.8823529411764706,0.9019607843137255,0.8431372549019608,0.8627450980392157,0.8823529411764706,0.9411764705882353,0.9019607843137255,0.7843137254901961,0.5882352941176471,0.5,0.6470588235294118,0.5098039215686274,0.21568627450980393,0.8431372549019608,0.7450980392156863,0.19607843137254902,0.8235294117647058,0.27450980392156865,0.49019607843137253,0.7647058823529411,0.4117647058823529,0.8431372549019608,0.47058823529411764,0.5980392156862745,0.7254901960784313,0.35294117647058826,0.0784313725490196,0.27450980392156865,0.47058823529411764,0.9215686274509803,0.8235294117647058,0.8823529411764706
Leon-Aderemi Balogun,284,Nigeria,2.939638528990742,0.31690140845070425,33.333333333333336,0.9507042253521126,1.5845070422535212,8.333333333333334,22.222222222222225,10.140845070422536,1.267605633802817,0.09067505454545453,0.01851958787878789,0.09202981823929082,0.09202981823929082,28.838028169014088,3.8028169014084505,0.9507042253521126,4.753521126760563,1.9014084507042253,922.1028292711266,23.450704225352112,126.12034261489683,1.5845070422535212,2.535211267605634,69.46564885496183,41.37931034482759,68.18181818181819,20.689655172413794,0.5290335436208663,0.4116083433615527,15.27,85.0,30.53,75.0,25.19,33.33,29.01,86.84,22.73,80.0,31.82,71.43,31.82,57.14,13.64,66.67,125,0.9535263506148661,52.2887323943662,0.27450980392156865,0.6862745098039216,0.7254901960784313,0.9705882352941176,0.29411764705882354,0.0392156862745098,0.27450980392156865,0.8431372549019608,0.43137254901960786,0.27450980392156865,0.0196078431372549,0.2549019607843137,0.21568627450980393,0.13725490196078433,0.058823529411764705,0.08823529411764706,0.4117647058823529,0.1568627450980392,0.17647058823529413,0.11764705882352941,0.09803921568627451,0.21568627450980393,0.1568627450980392,0.0392156862745098,0.0196078431372549,0.3137254901960784,0.0196078431372549,0.9607843137254902,0.0784313725490196,0.7450980392156863,0.2549019607843137,0.13725490196078433,0.10784313725490197,0.9019607843137255,0.0196078431372549,0.35294117647058826,0.0392156862745098,0.49019607843137253,0.22549019607843138,0.5980392156862745,0.5784313725490197,0.8235294117647058,0.5196078431372549,0.11764705882352941,0.09803921568627451,0.19607843137254902,0.0196078431372549,0.11764705882352941
Manuel Obafemi Akanji,382,Switzerland,5.663041253816606,0.47120418848167545,50.0,0.0,2.356020942408377,31.25,39.583333333333336,9.659685863874346,2.5916230366492146,0.0988289292543021,0.12431455258126199,0.1580851565629938,0.1580851565629938,64.08376963350786,9.659685863874346,4.005235602094241,8.24607329842932,3.5340314136125652,1514.830002219896,59.13612565445027,457.04656779443934,4.947643979057592,5.890052356020942,89.47368421052632,77.35849056603773,83.33333333333333,51.724137931034484,0.3861769560698286,0.6180884444994982,19.74,95.0,29.61,87.78,20.72,74.6,29.93,97.8,50.0,90.48,9.52,100.0,19.05,37.5,21.43,100.0,299,0.9937581844816379,123.21989528795811,0.8627450980392157,0.8333333333333334,0.9313725490196079,0.18627450980392157,0.5098039215686274,0.19607843137254902,0.6470588235294118,0.8235294117647058,0.9411764705882353,0.4117647058823529,0.43137254901960786,0.6078431372549019,0.5490196078431373,0.9215686274509803,0.6274509803921569,0.8627450980392157,0.8627450980392157,0.5294117647058824,0.8235294117647058,0.9019607843137255,1.0,0.8235294117647058,0.7647058823529411,0.7450980392156863,0.6862745098039216,0.7647058823529411,0.5882352941176471,0.4117647058823529,0.8627450980392157,0.9215686274509803,0.6862745098039216,0.11764705882352941,0.7254901960784313,0.6666666666666666,0.7843137254901961,0.4117647058823529,0.7450980392156863,1.0,0.4117647058823529,0.0196078431372549,0.9901960784313726,0.27450980392156865,0.22549019607843138,0.5490196078431373,0.7647058823529411,0.803921568627451,0.17647058823529413,0.9215686274509803
Mark Milligan,282,Australia,4.373216687222327,0.0,0.0,0.0,0.6382978723404256,33.333333333333336,51.666666666666664,4.148936170212766,0.9574468085106382,0.13491291513761453,0.06901477293577983,0.12979891104460253,0.1901478777112692,72.7659574468085,11.489361702127658,3.5106382978723403,7.0212765957446805,4.468085106382979,1793.8653963829793,66.38297872340425,418.0637651873814,3.829787234042553,4.468085106382979,91.56626506024097,78.26086956521739,88.0,58.333333333333336,0.3981402106844079,0.4740100297447575,15.26,94.74,41.37,91.26,13.25,69.7,30.12,100.0,28.0,100.0,24.0,66.67,20.0,80.0,28.0,100.0,245,1.0081362066837838,139.14893617021278,0.6862745098039216,0.2647058823529412,0.28431372549019607,0.18627450980392157,0.0392156862745098,0.2549019607843137,0.8235294117647058,0.11764705882352941,0.3333333333333333,0.6274509803921569,0.13725490196078433,0.43137254901960786,0.6666666666666666,0.9803921568627451,0.8431372549019608,0.8235294117647058,0.7647058823529411,0.803921568627451,0.9803921568627451,0.9803921568627451,0.9215686274509803,0.7450980392156863,0.5490196078431373,0.8431372549019608,0.7352941176470589,0.9803921568627451,0.7843137254901961,0.49019607843137253,0.2549019607843137,0.7254901960784313,0.6666666666666666,0.8627450980392157,0.8823529411764706,0.17647058823529413,0.6078431372549019,0.43137254901960786,0.9705882352941176,0.7647058823529411,0.7647058823529411,0.23529411764705882,0.47058823529411764,0.29411764705882354,0.8823529411764706,0.7647058823529411,0.7647058823529411,0.6862745098039216,0.39215686274509803,0.9803921568627451
Mathias Jattah-Njie Jørgensen,229,Denmark,0.9415680591662995,0.0,0.0,0.0,0.7860262008733624,33.333333333333336,13.333333333333334,8.646288209606986,2.7510917030567685,0.11218509411764704,0.05714629999999996,0.04312431350877194,0.04312431350877194,33.799126637554586,9.432314410480348,1.5720524017467248,3.537117903930131,3.537117903930131,986.7630742270741,33.01310043668123,138.3851802803546,1.5720524017467248,3.537117903930131,86.0,72.72727272727273,69.23076923076923,47.36842105263158,0.39265001825880397,0.5010259230435128,17.0,100.0,32.0,84.38,24.0,70.83,27.0,92.59,15.38,100.0,23.08,66.67,23.08,33.33,38.46,80.0,100,1.02025680309714,66.8122270742358,0.0392156862745098,0.2647058823529412,0.28431372549019607,0.18627450980392157,0.058823529411764705,0.2549019607843137,0.20588235294117646,0.7843137254901961,0.9607843137254902,0.5098039215686274,0.058823529411764705,0.058823529411764705,0.058823529411764705,0.29411764705882354,0.5490196078431373,0.23529411764705882,0.21568627450980393,0.5490196078431373,0.29411764705882354,0.37254901960784315,0.13725490196078433,0.17647058823529413,0.3137254901960784,0.5490196078431373,0.5490196078431373,0.35294117647058826,0.5098039215686274,0.45098039215686275,0.29411764705882354,0.8235294117647058,0.9117647058823529,0.23529411764705882,0.4803921568627451,0.8235294117647058,0.6666666666666666,0.19607843137254902,0.19607843137254902,0.20588235294117646,0.7647058823529411,0.20588235294117646,0.47058823529411764,0.38235294117647056,0.1568627450980392,0.9509803921568627,0.23529411764705882,0.0196078431372549,0.6470588235294118,0.35294117647058826
Mats Hummels,192,Germany,11.556308192673907,0.9375,50.0,0.46875,2.8125,75.0,62.5,14.53125,4.6875,0.17547688372093026,0.1954852965116279,0.16572230927307935,0.16572230927307935,45.0,7.5,1.875,10.3125,4.21875,1038.9521345624996,35.625,269.9073018389162,3.75,7.96875,91.42857142857143,94.11764705882354,84.61538461538461,75.0,0.3805185763772128,0.6824844797823268,14.29,93.33,29.52,90.32,23.81,80.0,32.38,100.0,23.08,83.33,26.92,85.71,30.77,75.0,19.23,100.0,105,1.0328347378988072,80.625,1.0,0.9607843137254902,0.9313725490196079,0.7254901960784313,0.5490196078431373,0.7745098039215687,0.9411764705882353,0.9803921568627451,1.0,0.9019607843137255,0.7843137254901961,0.6470588235294118,0.6078431372549019,0.5490196078431373,0.37254901960784315,0.29411764705882354,1.0,0.6666666666666666,0.3333333333333333,0.47058823529411764,0.6470588235294118,0.7254901960784313,0.9803921568627451,0.8235294117647058,1.0,0.8333333333333334,0.9803921568627451,0.37254901960784315,0.9803921568627451,0.6666666666666666,0.5882352941176471,0.0784313725490196,0.8431372549019608,0.7843137254901961,0.9019607843137255,0.6078431372549019,0.9705882352941176,0.5294117647058824,0.28431372549019607,0.4019607843137255,0.8725490196078431,0.7352941176470589,0.8137254901960784,0.45098039215686275,0.7647058823529411,0.058823529411764705,0.7647058823529411,0.49019607843137253
Maya Yoshida,377,Japan,4.401358777732301,0.0,0.0,0.23872679045092837,2.8647214854111405,60.714285714285715,25.0,6.206896551724138,1.4323607427055702,0.09685332980972511,0.16225154334038058,0.23188281329010024,0.23188281329010024,59.44297082228116,10.026525198938993,1.909814323607427,4.774535809018568,2.8647214854111405,1621.3391626870032,53.47480106100796,310.94644358251736,2.1485411140583555,3.3421750663129974,85.86206896551724,60.0,60.60606060606061,31.57894736842105,0.42597098217025214,0.5811755597469789,12.07,100.0,36.9,77.57,18.62,70.37,32.41,98.94,15.15,100.0,48.48,50.0,33.33,54.55,3.03,100.0,286,1.0091766285825636,112.91777188328912,0.7058823529411765,0.2647058823529412,0.28431372549019607,0.5098039215686274,0.6078431372549019,0.5686274509803921,0.3431372549019608,0.39215686274509803,0.5882352941176471,0.37254901960784315,0.6470588235294118,0.803921568627451,0.7843137254901961,0.8235294117647058,0.7254901960784313,0.39215686274509803,0.43137254901960786,0.3333333333333333,0.9019607843137255,0.803921568627451,0.7450980392156863,0.37254901960784315,0.23529411764705882,0.5098039215686274,0.14705882352941177,0.09803921568627451,0.0784313725490196,0.5882352941176471,0.7058823529411765,0.5098039215686274,0.9117647058823529,0.6078431372549019,0.21568627450980393,0.47058823529411764,0.6470588235294118,0.6372549019607843,0.9215686274509803,0.17647058823529413,0.7647058823529411,0.9803921568627451,0.12745098039215685,0.8627450980392157,0.4803921568627451,0.0196078431372549,0.7647058823529411,0.7450980392156863,0.4117647058823529,0.8235294117647058
Medhi Amine El Mouttaqi Benatia,191,Morocco,3.430095331939903,0.47120418848167545,50.0,0.9424083769633509,0.9424083769633509,50.0,0.0,3.7696335078534036,0.9424083769633509,0.21630296464646456,0.21387152525252517,0.16843538782969447,0.16843538782969447,48.53403141361256,13.664921465968586,1.8848167539267018,5.654450261780104,2.827225130890052,1494.373760104712,44.76439790575917,311.4724235509045,1.8848167539267018,4.712041884816754,81.10236220472441,70.73170731707317,75.0,33.333333333333336,0.37507028343537385,0.6310167080365228,10.24,76.92,34.65,77.27,18.9,58.33,36.22,97.83,31.25,100.0,31.25,20.0,18.75,100.0,18.75,100.0,126,1.0056554912574762,93.29842931937173,0.45098039215686275,0.8333333333333334,0.9313725490196079,0.9411764705882353,0.09803921568627451,0.47058823529411764,0.029411764705882353,0.0392156862745098,0.2647058823529412,0.9803921568627451,0.8431372549019608,0.6666666666666666,0.6274509803921569,0.6078431372549019,0.9607843137254902,0.3431372549019608,0.5882352941176471,0.2549019607843137,0.803921568627451,0.6274509803921569,0.7647058823529411,0.2647058823529412,0.5882352941176471,0.21568627450980393,0.39215686274509803,0.5784313725490197,0.10784313725490197,0.3333333333333333,0.9019607843137255,0.27450980392156865,0.06862745098039216,0.47058823529411764,0.19607843137254902,0.49019607843137253,0.3333333333333333,0.7843137254901961,0.7647058823529411,0.8823529411764706,0.7647058823529411,0.5392156862745098,0.0196078431372549,0.24509803921568626,0.9509803921568627,0.4117647058823529,0.7647058823529411,0.21568627450980393,0.3333333333333333,0.6078431372549019
Nicolás Hernán Otamendi,378,Argentina,7.964995201721024,0.23809523809523808,25.0,0.23809523809523808,5.238095238095238,76.94444444444444,61.785714285714285,8.095238095238095,2.380952380952381,0.1054089590163934,0.10961114959016387,0.15274589766108063,0.15274589766108063,60.23809523809524,12.38095238095238,3.333333333333333,6.904761904761904,2.8571428571428568,1591.5062390000012,55.952380952380956,455.8797553243221,5.238095238095238,5.238095238095238,85.47297297297297,72.22222222222223,70.73170731707317,35.294117647058826,0.2946029436003836,0.6391693861773363,13.18,89.74,28.38,80.95,14.53,55.81,43.92,96.92,24.39,90.0,31.71,53.85,9.76,25.0,34.15,85.71,294,0.9841314056497078,116.19047619047619,0.9607843137254902,0.5882352941176471,0.6078431372549019,0.49019607843137253,1.0,0.8627450980392157,0.9019607843137255,0.7254901960784313,0.8823529411764706,0.43137254901960786,0.3137254901960784,0.5294117647058824,0.5098039215686274,0.8627450980392157,0.9019607843137255,0.7843137254901961,0.7450980392156863,0.3137254901960784,0.8823529411764706,0.8823529411764706,0.9803921568627451,0.8431372549019608,0.7058823529411765,0.45098039215686275,0.5294117647058824,0.4117647058823529,0.13725490196078433,0.0392156862745098,0.9411764705882353,0.6078431372549019,0.47058823529411764,0.0392156862745098,0.27450980392156865,0.21568627450980393,0.27450980392156865,0.9607843137254902,0.5098039215686274,0.6078431372549019,0.39215686274509803,0.5686274509803921,0.17647058823529413,0.0784313725490196,0.058823529411764705,0.8921568627450981,0.3333333333333333,0.7843137254901961,0.11764705882352941,0.8627450980392157
Nikola Milenković,285,Serbia,2.056370324701388,0.0,0.0,0.0,1.894736842105263,58.333333333333336,66.66666666666667,7.894736842105263,0.9473684210526315,0.11823129787234042,0.16416382978723398,0.21830206600980395,0.21830206600980395,33.1578947368421,7.578947368421052,1.263157894736842,3.473684210526316,1.894736842105263,851.6132681999994,26.210526315789476,124.67471018465454,1.263157894736842,2.210526315789474,89.74358974358974,88.88888888888889,84.61538461538461,60.0,0.3531506718166764,0.5296303594506567,11.97,100.0,34.19,85.0,19.66,78.26,34.19,97.5,15.38,100.0,23.08,33.33,23.08,100.0,38.46,100.0,116,1.0542840560771487,59.36842105263158,0.1568627450980392,0.2647058823529412,0.28431372549019607,0.18627450980392157,0.4019607843137255,0.5490196078431373,0.9705882352941176,0.6666666666666666,0.29411764705882354,0.5686274509803921,0.6666666666666666,0.7843137254901961,0.7450980392156863,0.2549019607843137,0.39215686274509803,0.16666666666666666,0.19607843137254902,0.13725490196078433,0.09803921568627451,0.19607843137254902,0.0784313725490196,0.11764705882352941,0.13725490196078433,0.7647058823529411,0.9607843137254902,0.8333333333333334,0.8431372549019608,0.19607843137254902,0.49019607843137253,0.47058823529411764,0.9117647058823529,0.4117647058823529,0.5294117647058824,0.5882352941176471,0.8431372549019608,0.7254901960784313,0.6764705882352942,0.20588235294117646,0.7647058823529411,0.20588235294117646,0.0392156862745098,0.38235294117647056,0.9509803921568627,0.9509803921568627,0.7647058823529411,0.13725490196078433,0.9803921568627451,0.2549019607843137
Osama Abdulrezag Hawsawi,283,Saudi Arabia,8.29706678556547,0.0,0.0,0.0,1.5901060070671378,66.66666666666667,52.38095238095238,10.812720848056536,2.2261484098939928,0.07107683333333334,0.17639867647058818,0.089589696,0.089589696,35.30035335689046,7.3144876325088335,1.9081272084805656,3.816254416961131,1.2720848056537102,927.4537057738517,29.575971731448764,115.0540737891111,1.9081272084805656,1.2720848056537102,84.0909090909091,79.3103448275862,63.1578947368421,26.666666666666668,0.41117420842035113,0.3399824718309997,12.88,88.24,38.64,92.16,20.45,51.85,28.03,94.59,21.05,50.0,21.05,100.0,31.58,16.67,26.32,100.0,130,1.0197460367037052,64.87632508833923,0.9803921568627451,0.2647058823529412,0.28431372549019607,0.18627450980392157,0.3235294117647059,0.6568627450980392,0.8431372549019608,0.9019607843137255,0.8431372549019608,0.1568627450980392,0.7254901960784313,0.23529411764705882,0.19607843137254902,0.3333333333333333,0.35294117647058826,0.37254901960784315,0.27450980392156865,0.0196078431372549,0.19607843137254902,0.3137254901960784,0.058823529411764705,0.3137254901960784,0.0196078431372549,0.37254901960784315,0.7647058823529411,0.1568627450980392,0.0392156862745098,0.5294117647058824,0.0196078431372549,0.5882352941176471,0.37254901960784315,0.7254901960784313,0.9411764705882353,0.6470588235294118,0.19607843137254902,0.29411764705882354,0.27450980392156865,0.45098039215686275,0.0392156862745098,0.1568627450980392,0.9901960784313726,0.803921568627451,0.0392156862745098,0.7254901960784313,0.7647058823529411,0.23529411764705882,0.5882352941176471,0.3333333333333333
Phil Jones,186,England,4.318188248964981,0.0,0.0,0.4838709677419355,1.935483870967742,37.5,41.66666666666667,12.580645161290322,1.4516129032258065,0.0818506335877863,0.0915020267175573,0.089350466251299,0.089350466251299,64.35483870967742,5.806451612903226,3.870967741935484,6.290322580645161,1.935483870967742,1244.342994048387,62.41935483870968,331.74461153179817,5.322580645161291,3.3870967741935485,91.72413793103448,80.0,81.25,36.36363636363637,0.3410574162281794,0.5330660200457419,20.0,100.0,34.48,86.0,13.1,78.95,32.41,97.87,18.75,100.0,25.0,75.0,31.25,60.0,25.0,100.0,143,1.0198819105061587,126.7741935483871,0.6470588235294118,0.2647058823529412,0.28431372549019607,0.7843137254901961,0.43137254901960786,0.3137254901960784,0.7058823529411765,0.9607843137254902,0.6078431372549019,0.23529411764705882,0.19607843137254902,0.21568627450980393,0.17647058823529413,0.9411764705882353,0.17647058823529413,0.8431372549019608,0.6470588235294118,0.17647058823529413,0.6078431372549019,0.9411764705882353,0.803921568627451,0.8627450980392157,0.2549019607843137,0.8627450980392157,0.7843137254901961,0.6470588235294118,0.1568627450980392,0.17647058823529413,0.5098039215686274,0.9411764705882353,0.9117647058823529,0.43137254901960786,0.5882352941176471,0.1568627450980392,0.8627450980392157,0.6372549019607843,0.7843137254901961,0.3431372549019608,0.7647058823529411,0.3235294117647059,0.6666666666666666,0.7843137254901961,0.5588235294117647,0.6568627450980392,0.7647058823529411,0.27450980392156865,0.6274509803921569,0.9411764705882353
Raphaël Varane,662,France,1.5361623427359126,0.2719033232628399,14.285714285714286,0.40785498489425986,2.311178247734139,48.80952380952381,28.571428571428573,4.622356495468278,0.8157099697885197,0.13635641917293226,0.12009003007518786,0.15355844382123557,0.15355844382123557,39.29003021148036,11.419939577039274,3.262839879154079,3.8066465256797586,4.214501510574018,1168.6803678081576,33.036253776435046,228.08120077269388,4.622356495468278,4.758308157099697,85.25073746312684,81.55339805825243,84.84848484848484,58.490566037735846,0.3938757674601519,0.5656454177699621,11.21,84.21,39.82,87.41,16.52,57.14,32.45,97.27,27.27,88.89,24.24,87.5,18.18,66.67,30.3,90.0,324,1.0112046787039581,72.3262839879154,0.09803921568627451,0.6078431372549019,0.5686274509803921,0.6862745098039216,0.49019607843137253,0.43137254901960786,0.43137254901960786,0.19607843137254902,0.17647058823529413,0.6470588235294118,0.37254901960784315,0.5490196078431373,0.5294117647058824,0.4117647058823529,0.8235294117647058,0.7647058823529411,0.23529411764705882,0.6470588235294118,0.5098039215686274,0.39215686274509803,0.5490196078431373,0.803921568627451,0.6666666666666666,0.43137254901960786,0.803921568627451,0.8627450980392157,0.803921568627451,0.47058823529411764,0.5882352941176471,0.37254901960784315,0.20588235294117646,0.7843137254901961,0.6862745098039216,0.3137254901960784,0.3137254901960784,0.6666666666666666,0.6176470588235294,0.7352941176470589,0.37254901960784315,0.2647058823529412,0.9019607843137255,0.21568627450980393,0.6862745098039216,0.8235294117647058,0.43137254901960786,0.8627450980392157,0.43137254901960786,0.4117647058823529
Salif Sané,281,Senegal,3.0401705550323475,0.0,0.0,0.32028469750889677,3.2028469750889683,72.22222222222223,66.66666666666667,5.124555160142348,0.6405693950177935,0.14543383720930228,0.22871929069767444,0.07369266469135806,0.07369266469135806,29.7864768683274,11.209964412811388,2.8825622775800714,5.124555160142348,4.483985765124555,1132.4503359288249,25.302491103202847,160.46777813127926,3.2028469750889683,6.08540925266904,74.4,71.42857142857143,72.72727272727273,46.666666666666664,0.4444622649862532,0.5210561236449973,22.4,89.29,24.0,70.0,26.4,48.48,27.2,91.18,36.36,75.0,18.18,75.0,27.27,50.0,18.18,100.0,122,1.0179331361808126,55.08896797153025,0.29411764705882354,0.2647058823529412,0.28431372549019607,0.6274509803921569,0.7058823529411765,0.7254901960784313,0.9705882352941176,0.29411764705882354,0.09803921568627451,0.7058823529411765,0.9215686274509803,0.09803921568627451,0.0784313725490196,0.19607843137254902,0.803921568627451,0.6666666666666666,0.5294117647058824,0.8235294117647058,0.47058823529411764,0.1568627450980392,0.27450980392156865,0.6666666666666666,0.8235294117647058,0.08823529411764706,0.46078431372549017,0.5,0.49019607843137253,0.6274509803921569,0.45098039215686275,0.9607843137254902,0.4411764705882353,0.0196078431372549,0.0392156862745098,0.9411764705882353,0.0784313725490196,0.23529411764705882,0.09803921568627451,0.9411764705882353,0.17647058823529413,0.09803921568627451,0.6666666666666666,0.5392156862745098,0.39215686274509803,0.39215686274509803,0.7647058823529411,0.1568627450980392,0.5490196078431373,0.17647058823529413
Samuel Yves Umtiti,569,France,2.1879427229300767,0.3163444639718805,33.333333333333336,0.15817223198594024,1.5817223198594026,86.11111111111113,12.5,5.377855887521968,1.1072056239015817,0.15978110233918139,0.2215957923976609,0.15787992949817514,0.16270563634749022,29.103690685413007,6.01054481546573,1.1072056239015817,3.163444639718805,3.005272407732865,751.7565565623896,24.991212653778557,161.78156550007822,1.265377855887522,3.479789103690685,85.98130841121495,77.55102040816327,68.96551724137932,57.57575757575758,0.4650017649122242,0.5985439406395032,12.62,96.3,38.79,87.95,24.3,67.31,24.3,96.15,24.14,100.0,34.48,60.0,27.59,50.0,13.79,75.0,204,1.0331980897737914,54.09490333919156,0.19607843137254902,0.6666666666666666,0.7254901960784313,0.37254901960784315,0.27450980392156865,0.9607843137254902,0.17647058823529413,0.3333333333333333,0.37254901960784315,0.7843137254901961,0.8823529411764706,0.5882352941176471,0.5882352941176471,0.1568627450980392,0.21568627450980393,0.13725490196078433,0.11764705882352941,0.39215686274509803,0.0392156862745098,0.13725490196078433,0.3137254901960784,0.13725490196078433,0.29411764705882354,0.5294117647058824,0.7058823529411765,0.3333333333333333,0.7254901960784313,0.7843137254901961,0.7647058823529411,0.5686274509803921,0.7058823529411765,0.7450980392156863,0.7450980392156863,0.8823529411764706,0.5490196078431373,0.11764705882352941,0.35294117647058826,0.5882352941176471,0.7647058823529411,0.7156862745098039,0.2647058823529412,0.5686274509803921,0.39215686274509803,0.14705882352941177,0.18627450980392157,0.5882352941176471,0.803921568627451,0.1568627450980392
Sergei Ignashevich,524,Russia,1.0507227689644745,0.0,0.0,0.0,2.404580152671756,78.0,56.666666666666664,4.293893129770993,1.0305343511450382,0.24852282887700536,0.2515933796791443,0.08246067177083337,0.08246067177083337,18.893129770992367,9.618320610687023,2.404580152671756,3.435114503816794,4.293893129770993,899.0888045324432,13.225190839694656,80.1450708190276,2.404580152671756,4.293893129770993,68.75,69.1358024691358,58.8235294117647,48.07692307692308,0.501316972096666,0.39721829476171344,11.25,66.67,44.38,64.79,22.5,50.0,21.88,97.14,23.53,62.5,35.29,41.67,23.53,50.0,17.65,100.0,152,1.0080700398347566,32.11832061068702,0.058823529411764705,0.2647058823529412,0.28431372549019607,0.18627450980392157,0.5294117647058824,0.8823529411764706,0.8823529411764706,0.13725490196078433,0.35294117647058826,1.0,0.9607843137254902,0.17647058823529413,0.13725490196078433,0.0196078431372549,0.6078431372549019,0.5686274509803921,0.17647058823529413,0.7450980392156863,0.13725490196078433,0.0196078431372549,0.0196078431372549,0.47058823529411764,0.5098039215686274,0.0196078431372549,0.3333333333333333,0.0784313725490196,0.5490196078431373,0.9215686274509803,0.0392156862745098,0.39215686274509803,0.0196078431372549,0.9607843137254902,0.0196078431372549,0.7450980392156863,0.14705882352941177,0.0392156862745098,0.5882352941176471,0.5686274509803921,0.0784313725490196,0.7647058823529411,0.058823529411764705,0.4117647058823529,0.39215686274509803,0.37254901960784315,0.7647058823529411,0.3235294117647059,0.37254901960784315,0.0196078431372549
Sergio Ramos García,405,Spain,5.238662602364427,0.0,0.0,0.2222222222222222,3.333333333333333,47.61904761904762,61.875,6.444444444444445,1.5555555555555554,0.14261194179278225,0.14893796274738066,0.2661003466022654,0.2804021538081477,104.22222222222223,18.88888888888889,17.333333333333332,10.222222222222223,2.4444444444444446,2374.395992444444,86.66666666666666,440.881925934676,19.333333333333332,4.666666666666667,94.55645161290323,88.54166666666667,85.18518518518519,52.38095238095238,0.2770791685710331,0.6124220415791835,6.45,93.75,50.2,94.38,11.29,87.5,32.06,97.48,12.96,85.71,22.22,83.33,20.37,63.64,44.44,95.83,490,1.035106293703431,190.88888888888889,0.8235294117647058,0.2647058823529412,0.28431372549019607,0.43137254901960786,0.7450980392156863,0.4117647058823529,0.9215686274509803,0.49019607843137253,0.6470588235294118,0.6862745098039216,0.5882352941176471,0.8823529411764706,0.9607843137254902,1.0,0.9803921568627451,1.0,0.9803921568627451,0.21568627450980393,1.0,1.0,0.9607843137254902,1.0,0.5686274509803921,1.0,0.9411764705882353,0.8823529411764706,0.6176470588235294,0.0196078431372549,0.8431372549019608,0.0392156862745098,0.6078431372549019,1.0,0.9803921568627451,0.09803921568627451,0.9607843137254902,0.5882352941176471,0.6470588235294118,0.11764705882352941,0.3333333333333333,0.17647058823529413,0.8137254901960784,0.3137254901960784,0.6078431372549019,1.0,0.5098039215686274,1.0,0.8627450980392157,1.0
Simon Thorup Kjær,402,Denmark,2.018719779834479,0.0,0.0,0.0,3.582089552238806,26.666666666666668,25.0,4.925373134328359,0.6716417910447761,0.17076659574468078,0.11853843882978712,0.1405806487368421,0.14885846978947367,42.76119402985075,10.298507462686567,4.253731343283582,6.492537313432837,6.044776119402985,1353.6442764626875,41.417910447761194,222.27192439588907,4.253731343283582,6.268656716417911,86.42533936651584,68.65671641791045,82.85714285714286,56.25,0.47391717922935783,0.5038814695237479,10.86,100.0,32.13,83.1,23.98,67.92,33.03,98.63,22.86,100.0,28.57,70.0,25.71,66.67,22.86,100.0,215,1.055462335636215,84.17910447761194,0.11764705882352941,0.2647058823529412,0.28431372549019607,0.18627450980392157,0.803921568627451,0.12745098039215685,0.3431372549019608,0.23529411764705882,0.11764705882352941,0.8431372549019608,0.35294117647058826,0.47058823529411764,0.47058823529411764,0.49019607843137253,0.7647058823529411,0.9019607843137255,0.6862745098039216,0.9607843137254902,0.7254901960784313,0.5686274509803921,0.5294117647058824,0.7647058823529411,0.8431372549019608,0.5686274509803921,0.3137254901960784,0.7254901960784313,0.7058823529411765,0.803921568627451,0.3137254901960784,0.3333333333333333,0.9117647058823529,0.2549019607843137,0.35294117647058826,0.803921568627451,0.5686274509803921,0.6862745098039216,0.9019607843137255,0.5098039215686274,0.7647058823529411,0.43137254901960786,0.5196078431372549,0.45098039215686275,0.6862745098039216,0.5882352941176471,0.7647058823529411,0.6470588235294118,1.0,0.5490196078431373
Thiago Emiliano da Silva,478,Brazil,4.485397312144189,0.0,0.0,0.18828451882845187,2.071129707112971,55.0,40.0,3.200836820083682,0.5648535564853556,0.09098305719921097,0.14401495069033537,0.26999342573244794,0.27049276437931263,50.0836820083682,9.790794979079498,1.8828451882845187,7.7196652719665275,2.4476987447698746,1254.5963943702939,45.3765690376569,247.56094781594317,2.6359832635983262,3.389121338912134,92.04152249134948,82.53968253968254,85.41666666666667,54.166666666666664,0.3034068349048797,0.601196905993715,6.92,100.0,38.06,88.18,10.03,72.41,44.98,98.46,14.58,100.0,33.33,75.0,16.67,75.0,35.42,94.12,288,1.018636781248915,95.4602510460251,0.7254901960784313,0.2647058823529412,0.28431372549019607,0.4019607843137255,0.45098039215686275,0.5196078431372549,0.6764705882352942,0.0196078431372549,0.0784313725490196,0.29411764705882354,0.5686274509803921,0.9215686274509803,0.8823529411764706,0.6274509803921569,0.6666666666666666,0.3137254901960784,0.8235294117647058,0.23529411764705882,0.6470588235294118,0.6666666666666666,0.5686274509803921,0.49019607843137253,0.27450980392156865,0.8823529411764706,0.8627450980392157,0.9019607843137255,0.6862745098039216,0.0784313725490196,0.803921568627451,0.058823529411764705,0.9117647058823529,0.6862745098039216,0.7647058823529411,0.058823529411764705,0.6862745098039216,0.9803921568627451,0.8627450980392157,0.1568627450980392,0.7647058823529411,0.6568627450980392,0.6666666666666666,0.17647058823529413,0.8137254901960784,0.9215686274509803,0.49019607843137253,0.7647058823529411,0.5686274509803921,0.6274509803921569
Toby Alderweireld,566,Belgium,3.2880883947051274,0.0,0.0,0.0,0.15901060070671377,0.0,38.88888888888889,7.4734982332155475,1.1130742049469964,0.1225741961038962,0.14322903636363657,0.35307703015195896,0.3640234677386442,63.28621908127209,9.69964664310954,6.996466431095406,6.360424028268551,4.6113074204946995,1588.419173512367,59.15194346289753,385.16386731403486,9.063604240282684,5.565371024734983,89.23766816143498,69.31818181818181,70.17543859649123,47.540983606557376,0.3835660230274785,0.6045291055978804,16.14,98.61,32.96,87.07,17.26,70.13,33.63,96.67,17.54,100.0,33.33,63.16,26.32,46.67,22.81,84.62,440,1.0312563513462651,122.4381625441696,0.39215686274509803,0.2647058823529412,0.28431372549019607,0.18627450980392157,0.0196078431372549,0.0196078431372549,0.6078431372549019,0.6078431372549019,0.39215686274509803,0.6078431372549019,0.5490196078431373,0.9803921568627451,0.9803921568627451,0.9019607843137255,0.6470588235294118,0.9607843137254902,0.6666666666666666,0.8431372549019608,0.8627450980392157,0.9215686274509803,0.9019607843137255,0.9607843137254902,0.7450980392156863,0.7254901960784313,0.37254901960784315,0.39215686274509803,0.5294117647058824,0.39215686274509803,0.8235294117647058,0.803921568627451,0.803921568627451,0.3137254901960784,0.6470588235294118,0.37254901960784315,0.6274509803921569,0.7058823529411765,0.47058823529411764,0.3137254901960784,0.7647058823529411,0.6568627450980392,0.4117647058823529,0.5098039215686274,0.3137254901960784,0.5686274509803921,0.3137254901960784,0.9607843137254902,0.7450980392156863,0.9019607843137255
Trent Sainsbury,282,Australia,4.3672094506475405,0.3191489361702128,33.333333333333336,0.6382978723404256,3.829787234042553,76.66666666666667,25.0,7.9787234042553195,1.9148936170212765,0.09541763057324841,0.13040381847133753,0.15506120298086923,0.19650105569806378,53.93617021276596,12.127659574468085,4.148936170212766,6.702127659574468,8.617021276595745,1403.04644569149,46.276595744680854,328.806338137245,5.425531914893616,10.212765957446809,88.48167539267016,82.6086956521739,72.41379310344827,71.05263157894737,0.4492150235051534,0.5806689307069179,14.14,92.59,35.08,86.57,23.56,77.78,27.23,98.08,20.69,83.33,34.48,60.0,31.03,66.67,13.79,100.0,189,1.0329120556734694,100.2127659574468,0.6666666666666666,0.7254901960784313,0.7254901960784313,0.8823529411764706,0.8235294117647058,0.8431372549019608,0.3431372549019608,0.6862745098039216,0.803921568627451,0.3333333333333333,0.45098039215686275,0.5686274509803921,0.7058823529411765,0.7058823529411765,0.8823529411764706,0.8823529411764706,0.7254901960784313,1.0,0.7450980392156863,0.6862745098039216,0.7843137254901961,0.9215686274509803,1.0,0.6862745098039216,0.8823529411764706,0.47058823529411764,0.9607843137254902,0.6862745098039216,0.6862745098039216,0.6470588235294118,0.5490196078431373,0.49019607843137253,0.6078431372549019,0.7647058823529411,0.8235294117647058,0.2549019607843137,0.8137254901960784,0.4117647058823529,0.28431372549019607,0.7156862745098039,0.2647058823529412,0.7647058823529411,0.6862745098039216,0.14705882352941177,0.7647058823529411,0.5294117647058824,0.7843137254901961,0.7058823529411765
Victor Nilsson Lindelöf,382,Sweden,0.43463345141988896,0.23560209424083772,25.0,0.23560209424083772,1.413612565445026,83.33333333333334,25.0,5.890052356020942,0.9424083769633509,0.16984939743589741,0.2199640769230769,0.10610682147530268,0.10610682147530268,19.790575916230367,4.2408376963350785,1.8848167539267018,6.125654450261781,3.0628272251308903,668.4455146099476,16.963350785340314,161.401389333752,1.8848167539267018,4.2408376963350785,77.06422018348624,56.25,83.87096774193549,43.333333333333336,0.5126009654652761,0.44210854855771775,14.68,87.5,35.78,82.05,25.69,46.43,23.85,96.15,25.81,87.5,29.03,77.78,25.81,75.0,19.35,100.0,102,1.0287318134996317,36.75392670157068,0.0196078431372549,0.5294117647058824,0.6078431372549019,0.45098039215686275,0.19607843137254902,0.9411764705882353,0.3431372549019608,0.37254901960784315,0.2647058823529412,0.8235294117647058,0.8627450980392157,0.3333333333333333,0.3333333333333333,0.0392156862745098,0.0784313725490196,0.3431372549019608,0.6274509803921569,0.4117647058823529,0.0196078431372549,0.058823529411764705,0.29411764705882354,0.2647058823529412,0.47058823529411764,0.13725490196078433,0.058823529411764705,0.803921568627451,0.3333333333333333,0.9411764705882353,0.11764705882352941,0.7058823529411765,0.3235294117647059,0.5294117647058824,0.29411764705882354,0.9215686274509803,0.058823529411764705,0.09803921568627451,0.35294117647058826,0.6862745098039216,0.35294117647058826,0.45098039215686275,0.7450980392156863,0.47058823529411764,0.8137254901960784,0.47058823529411764,0.7647058823529411,0.0392156862745098,0.7254901960784313,0.058823529411764705
Vincent Kompany,398,Belgium,2.4368968317891935,0.0,0.0,0.0,0.9045226130653267,20.0,26.666666666666668,5.201005025125628,1.3567839195979898,0.10620324894514764,0.14037765611814346,0.10298591813565082,0.10321144164050518,58.34170854271357,10.628140703517587,1.8090452261306533,3.3919597989949746,3.3919597989949746,1428.687648881909,48.84422110552764,296.5528026894048,1.8090452261306533,3.844221105527638,93.14079422382672,82.45614035087719,83.33333333333333,65.21739130434783,0.3229134754733286,0.5133018280403325,9.03,100.0,35.38,91.84,12.27,76.47,43.32,97.5,22.22,100.0,38.89,57.14,5.56,100.0,33.33,100.0,274,1.0007658501118175,107.1859296482412,0.2549019607843137,0.2647058823529412,0.28431372549019607,0.18627450980392157,0.0784313725490196,0.06862745098039216,0.4117647058823529,0.3137254901960784,0.5098039215686274,0.45098039215686275,0.5294117647058824,0.3137254901960784,0.29411764705882354,0.803921568627451,0.7843137254901961,0.27450980392156865,0.1568627450980392,0.45098039215686275,0.7843137254901961,0.7647058823529411,0.7058823529411765,0.23529411764705882,0.39215686274509803,0.9607843137254902,0.8431372549019608,0.7647058823529411,0.9019607843137255,0.1568627450980392,0.35294117647058826,0.1568627450980392,0.9117647058823529,0.5098039215686274,0.9215686274509803,0.11764705882352941,0.803921568627451,0.9215686274509803,0.6764705882352942,0.47058823529411764,0.7647058823529411,0.8823529411764706,0.21568627450980393,0.0392156862745098,0.9509803921568627,0.8529411764705882,0.7647058823529411,0.7254901960784313,0.27450980392156865,0.7647058823529411
William Troost-Ekong,284,Nigeria,2.1765798545566724,0.9507042253521126,66.66666666666667,0.0,3.485915492957746,63.88888888888889,11.111111111111112,6.971830985915492,0.31690140845070425,0.17105355555555554,0.21121019135802468,0.09514508096455226,0.09514508096455226,28.20422535211268,8.556338028169014,0.9507042253521126,4.119718309859155,4.753521126760563,1057.6196209014079,23.133802816901408,138.25430795508754,0.9507042253521126,4.753521126760563,74.78991596638656,57.4468085106383,54.166666666666664,39.473684210526315,0.5310304807637719,0.4784016526994089,11.76,78.57,33.61,75.0,29.41,54.29,25.21,96.67,20.83,60.0,20.83,60.0,41.67,40.0,16.67,75.0,114,0.9673246026738106,51.33802816901409,0.17647058823529413,0.9803921568627451,0.9803921568627451,0.18627450980392157,0.7647058823529411,0.6078431372549019,0.14705882352941177,0.5686274509803921,0.0196078431372549,0.8627450980392157,0.8235294117647058,0.29411764705882354,0.23529411764705882,0.11764705882352941,0.4803921568627451,0.08823529411764706,0.29411764705882354,0.8627450980392157,0.35294117647058826,0.0784313725490196,0.11764705882352941,0.0784313725490196,0.6176470588235294,0.11764705882352941,0.0784313725490196,0.058823529411764705,0.19607843137254902,0.9803921568627451,0.27450980392156865,0.45098039215686275,0.09803921568627451,0.35294117647058826,0.10784313725490197,0.9803921568627451,0.2549019607843137,0.1568627450980392,0.47058823529411764,0.43137254901960786,0.058823529411764705,0.13725490196078433,0.2647058823529412,0.9803921568627451,0.27450980392156865,0.27450980392156865,0.18627450980392157,0.11764705882352941,0.058823529411764705,0.09803921568627451
Yassine Meriah,284,Tunisia,3.7888767056898396,0.0,0.0,0.9507042253521126,1.267605633802817,33.333333333333336,8.333333333333334,12.359154929577466,3.485915492957746,0.1392626765676567,0.22830850825082522,0.512770345828005,0.512770345828005,51.971830985915496,8.873239436619718,4.436619718309859,5.387323943661971,6.02112676056338,1344.1799116901402,44.04929577464789,341.71354375974505,4.436619718309859,6.654929577464789,88.17204301075269,71.7948717948718,73.91304347826087,65.51724137931035,0.46184897139873876,0.5935771519300086,9.14,88.24,48.39,91.11,20.43,73.68,22.04,95.12,30.43,71.43,26.09,83.33,30.43,57.14,13.04,100.0,182,1.0198532828862767,96.02112676056338,0.5490196078431373,0.2647058823529412,0.28431372549019607,0.9705882352941176,0.1568627450980392,0.2549019607843137,0.0784313725490196,0.9411764705882353,0.9803921568627451,0.6666666666666666,0.9019607843137255,1.0,1.0,0.6862745098039216,0.5294117647058824,0.9215686274509803,0.5490196078431373,0.9411764705882353,0.7058823529411765,0.6078431372549019,0.8431372549019608,0.7843137254901961,0.8823529411764706,0.6666666666666666,0.5098039215686274,0.5392156862745098,0.9215686274509803,0.7647058823529411,0.7450980392156863,0.17647058823529413,0.37254901960784315,0.9803921568627451,0.8627450980392157,0.6274509803921569,0.7647058823529411,0.058823529411764705,0.29411764705882354,0.8627450980392157,0.1568627450980392,0.37254901960784315,0.8137254901960784,0.7058823529411765,0.5196078431372549,0.09803921568627451,0.7647058823529411,0.5098039215686274,0.6078431372549019,0.6470588235294118
Yerry Fernando Mina González,309,Colombia,5.878480688031944,0.29126213592233013,33.333333333333336,0.0,2.9126213592233006,25.0,35.714285714285715,9.320388349514564,1.7475728155339805,0.06012807954545456,0.06891854924242422,0.015393722456140358,0.015393722456140358,40.77669902912621,8.737864077669903,0.29126213592233013,4.951456310679611,2.330097087378641,1144.4404834951458,36.116504854368934,200.76517481127385,0.29126213592233013,2.621359223300971,88.0503144654088,71.42857142857143,70.83333333333333,42.10526315789474,0.37281023715264844,0.5892711830951333,10.69,88.24,33.96,85.19,16.98,66.67,38.36,100.0,25.0,83.33,25.0,66.67,33.33,50.0,16.67,100.0,151,1.0167316020222967,76.89320388349515,0.9019607843137255,0.6470588235294118,0.7254901960784313,0.18627450980392157,0.6274509803921569,0.09803921568627451,0.5490196078431373,0.803921568627451,0.7254901960784313,0.09803921568627451,0.11764705882352941,0.0196078431372549,0.0196078431372549,0.45098039215686275,0.5098039215686274,0.0196078431372549,0.49019607843137253,0.19607843137254902,0.49019607843137253,0.49019607843137253,0.45098039215686275,0.0196078431372549,0.17647058823529413,0.6470588235294118,0.46078431372549017,0.43137254901960786,0.2647058823529412,0.27450980392156865,0.7254901960784313,0.3137254901960784,0.37254901960784315,0.39215686274509803,0.5490196078431373,0.3333333333333333,0.5196078431372549,0.8431372549019608,0.9705882352941176,0.6470588235294118,0.28431372549019607,0.3235294117647059,0.47058823529411764,0.8627450980392157,0.39215686274509803,0.27450980392156865,0.7647058823529411,0.29411764705882354,0.49019607843137253,0.47058823529411764
